{"cameraMode":{"drawMode":0,"name":"Shaded","section":"Shading Mode"},"sceneLighting":true,"audioPlay":false,"sceneViewState":{"showFog":false,"showMaterialUpdate":false,"showSkybox":false,"showFlares":false,"showImageEffects":false,"showParticleSystems":false},"in2DMode":false,"pivot":{"x":3.300199031829834,"y":2.8465309143066408,"z":-1.7632728815078736},"rotation":{"x":0.27295711636543276,"y":0.6434015035629273,"z":-0.2642597556114197,"w":0.6646019816398621},"size":9.292610168457032,"orthographic":false}